{
   "sets":
   [
      {
         "id" : "cc_duchess_1",
         "buffs" : 
         [
            "duchess_set_bonus_dmg_1",
			"duchess_set_bonus_dmg_h",
			"duchess_set_bonus_crit"
         ]
      },
	  {
         "id" : "cc_duchess_2",
         "buffs" : 
         [
            "duchess_fencing_set_bonus",
			"duchess_fencing_sword_riposte_crit"
         ]
      },
	  {
         "id" : "cc_duchess_3",
         "buffs" : 
         [
            "duchess_set_speed_bonus",
			"duchess_set_heal_received"
         ]
      }
      
   ]
}
