{
   "entries":
   [
      
      {
         "id" : "duchess_basket_of_heads",
         "buffs" : 
         [
				"duchess_bosses_tooltip",
				"duchess_head_boss_crit_5",
				"duchess_head_boss_crit_4",
				"duchess_head_boss_crit_3",
				"duchess_head_boss_crit_2",
				"duchess_head_boss_crit_1",
				"duchess_head_crit_1",
				"duchess_head_crit_2",
				"duchess_head_stress"
         ],
         "hero_class_requirements":
         [
            "duchess"
         ],
		 "set_id" : "cc_duchess_1",
         "rarity" : "crimson_court",
         "price" : 50000,
         "limit" : 1,
         "origin_dungeon" : "courtyard"
      },
	  {
         "id" : "duchess_bent_blade",
         "buffs" : 
         [
			"duchess_fencing_sword_ripostedmg_l",
			"duchess_fencing_sword_ripostedmg_h",
			"duchess_fencing_sword_riposte_acc",
			"duchess_fencing_sword_dmg_l",
			"duchess_fencing_sword_dmg_h"
         ],
         "hero_class_requirements":
         [
            "duchess"
         ],
		 "set_id" : "cc_duchess_2",
         "rarity" : "crimson_court",
         "price" : 50000,
         "limit" : 1,
         "origin_dungeon" : "courtyard"
      },
	  {
         "id" : "duchess_cracked_fencing_helm",
         "buffs" : 
         [
			"fencing_helm_tooltip",
			"duchess_fencing_helm_resist",
			"duchess_fencing_helm_acc"
         ],
         "hero_class_requirements":
         [
            "duchess"
         ],
		 "set_id" : "cc_duchess_2",
         "rarity" : "crimson_court",
         "price" : 50000,
         "limit" : 1,
         "origin_dungeon" : "courtyard",
		 "was_hit_additional_effects":
        [
          "Fencing Helm Aegis"
        ]

      },
	  {
         "id" : "duchess_deed_to_the_court",
         "buffs" : 
         [
			"duchess_deed_stress_heal",
			"duchess_deed_debuff_chance"
         ],
         "hero_class_requirements":
         [
            "duchess"
         ],
		 "set_id" : "cc_duchess_1",
         "rarity" : "crimson_court",
         "price" : 50000,
         "limit" : 1,
         "origin_dungeon" : "courtyard"
      },
	  {
         "id" : "duchess_letter_of_contrition",
         "buffs" : 
         [
			"duchess_CC_tooltip",
			"duchess_letter_prot_buff",
			"duchess_letter_stress_buff"
         ],
         "hero_class_requirements":
         [
            "duchess"
         ],
		 "set_id" : "cc_duchess_3",
         "rarity" : "crimson_court",
         "price" : 50000,
         "limit" : 1,
         "origin_dungeon" : "courtyard",
		 "friendly_skill_additional_effects":
         [
             "Letter Crimson Curse"
         ]
      },
	  {
         "id" : "duchess_tainted_vintage",
         "buffs" : 
         [
			"duchess_vintage_resto_received",
			"duchess_resto_tooltip2",
			"duchess_resto_tooltip"
         ],
         "hero_class_requirements":
         [
            "duchess"
         ],
		 "set_id" : "cc_duchess_3",
         "rarity" : "crimson_court",
         "price" : 50000,
         "limit" : 1,
         "origin_dungeon" : "courtyard",
		 "kill_performer_additional_effects":
        [
          "Vintage Resto 1"
        ],
		 "friendly_skill_additional_effects":
         [
             "Vintage Steal Resto"
         ]
      }
     
   ]
}
