{
   "trees":
   [
      {
         "id" : "duchess.weapon",
         "is_instanced" : true,
         "tags" : ["weapon", "first_level_not_upgrade"],
         "requirements" : 
         [
            {
               "code" : "0",
               "currency_cost" : 
               [
                  { "type" : "gold", "amount" : 750 }
               ],
               "prerequisite_requirements" :
               [
                  { "tree_id" : "blacksmith.weapon", "requirement_code" : "a" }
               ],
               "prerequisite_resolve_level" : 1
            },
            {
               "code" : "1",
               "currency_cost" : 
               [
                  { "type" : "gold", "amount" : 1750 }
               ],
               "prerequisite_requirements" :
               [
                  { "tree_id" : "duchess.weapon", "requirement_code" : "0" },
                  { "tree_id" : "blacksmith.weapon", "requirement_code" : "b" }
               ],
               "prerequisite_resolve_level" : 2
            },
            {
               "code" : "2",
               "currency_cost" : 
               [
                  { "type" : "gold", "amount" : 3000 }
               ],
               "prerequisite_requirements" :
               [
                  { "tree_id" : "duchess.weapon", "requirement_code" : "1" },
                  { "tree_id" : "blacksmith.weapon", "requirement_code" : "c" }
               ],
               "prerequisite_resolve_level" : 3
            },
            {
               "code" : "3",
               "currency_cost" : 
               [
                  { "type" : "gold", "amount" : 6000 }
               ],
               "prerequisite_requirements" :
               [
                  { "tree_id" : "duchess.weapon", "requirement_code" : "2" },
                  { "tree_id" : "blacksmith.weapon", "requirement_code" : "d" }
               ],
               "prerequisite_resolve_level" : 5
            }
         ]
      },
      {
         "id" : "duchess.armour",
         "is_instanced" : true,
         "tags" : ["armour", "first_level_not_upgrade"],
         "requirements" : 
         [
            {
               "code" : "0",
               "currency_cost" : 
               [
                  { "type" : "gold", "amount" : 750 }
               ],
               "prerequisite_requirements" :
               [
                  { "tree_id" : "blacksmith.armour", "requirement_code" : "a" }
               ],
               "prerequisite_resolve_level" : 1
            },
            {
               "code" : "1",
               "currency_cost" : 
               [
                  { "type" : "gold", "amount" : 1750 }
               ],
               "prerequisite_requirements" :
               [
                  { "tree_id" : "duchess.armour", "requirement_code" : "0" },
                  { "tree_id" : "blacksmith.armour", "requirement_code" : "b" }
               ],
               "prerequisite_resolve_level" : 2
            },
            {
               "code" : "2",
               "currency_cost" : 
               [
                  { "type" : "gold", "amount" : 3000 }
               ],
               "prerequisite_requirements" :
               [
                  { "tree_id" : "duchess.armour", "requirement_code" : "1" },
                  { "tree_id" : "blacksmith.armour", "requirement_code" : "c" }
               ],
               "prerequisite_resolve_level" : 3
            },
            {
               "code" : "3",
               "currency_cost" : 
               [
                  { "type" : "gold", "amount" : 6000 }
               ],
               "prerequisite_requirements" :
               [
                  { "tree_id" : "duchess.armour", "requirement_code" : "2" },
                  { "tree_id" : "blacksmith.armour", "requirement_code" : "d" }
               ],
               "prerequisite_resolve_level" : 5
            }
         ]
      },
      {
         "id" : "duchess.siphon_strike",
         "is_instanced" : true,
         "tags" : ["combat_skill"],
         "requirements" : 
         [
            {
               "code" : "0",
               "currency_cost" : 
               [
                  { "type" : "gold", "amount" : 1000 }
               ],
               "prerequisite_requirements" :
               [
               ],
               "prerequisite_resolve_level" : 0
            },
            {
               "code" : "1",
               "currency_cost" : 
               [
                  { "type" : "gold", "amount" : 250 }
               ],
               "prerequisite_requirements" :
               [
                  { "tree_id" : "duchess.siphon_strike", "requirement_code" : "0" },
                  { "tree_id" : "guild.skill_levels", "requirement_code" : "a" }
               ],
               "prerequisite_resolve_level" : 1
            },
            {
               "code" : "2",
               "currency_cost" : 
               [
                  { "type" : "gold", "amount" : 750 }
               ],
               "prerequisite_requirements" :
               [
                  { "tree_id" : "duchess.siphon_strike", "requirement_code" : "1" },
                  { "tree_id" : "guild.skill_levels", "requirement_code" : "b" }
               ],
               "prerequisite_resolve_level" : 2
            },
            {
               "code" : "3",
               "currency_cost" : 
               [
                  { "type" : "gold", "amount" : 1250 }
               ],
               "prerequisite_requirements" :
               [
                  { "tree_id" : "duchess.siphon_strike", "requirement_code" : "2" },
                  { "tree_id" : "guild.skill_levels", "requirement_code" : "c" }
               ],
               "prerequisite_resolve_level" : 3
            },
            {
               "code" : "4",
               "currency_cost" : 
               [
                  { "type" : "gold", "amount" : 2500 }
               ],
               "prerequisite_requirements" :
               [
                  { "tree_id" : "duchess.siphon_strike", "requirement_code" : "3" },
                  { "tree_id" : "guild.skill_levels", "requirement_code" : "d" }
               ],
               "prerequisite_resolve_level" : 5
            }
         ]
      },
      {
         "id" : "duchess.noble_obligation",
         "is_instanced" : true,
         "tags" : ["combat_skill"],
         "requirements" : 
         [
            {
               "code" : "0",
               "currency_cost" : 
               [
                  { "type" : "gold", "amount" : 1000 }
               ],
               "prerequisite_requirements" :
               [
               ],
               "prerequisite_resolve_level" : 0
            },
            {
               "code" : "1",
               "currency_cost" : 
               [
                  { "type" : "gold", "amount" : 250 }
               ],
               "prerequisite_requirements" :
               [
                  { "tree_id" : "duchess.noble_obligation", "requirement_code" : "0" },
                  { "tree_id" : "guild.skill_levels", "requirement_code" : "a" }
               ],
               "prerequisite_resolve_level" : 1
            },
            {
               "code" : "2",
               "currency_cost" : 
               [
                  { "type" : "gold", "amount" : 750 }
               ],
               "prerequisite_requirements" :
               [
                  { "tree_id" : "duchess.noble_obligation", "requirement_code" : "1" },
                  { "tree_id" : "guild.skill_levels", "requirement_code" : "b" }
               ],
               "prerequisite_resolve_level" : 2
            },
            {
               "code" : "3",
               "currency_cost" : 
               [
                  { "type" : "gold", "amount" : 1250 }
               ],
               "prerequisite_requirements" :
               [
                  { "tree_id" : "duchess.noble_obligation", "requirement_code" : "2" },
                  { "tree_id" : "guild.skill_levels", "requirement_code" : "c" }
               ],
               "prerequisite_resolve_level" : 3
            },
            {
               "code" : "4",
               "currency_cost" : 
               [
                  { "type" : "gold", "amount" : 2500 }
               ],
               "prerequisite_requirements" :
               [
                  { "tree_id" : "duchess.noble_obligation", "requirement_code" : "3" },
                  { "tree_id" : "guild.skill_levels", "requirement_code" : "d" }
               ],
               "prerequisite_resolve_level" : 5
            }
         ]
      },
      {
         "id" : "duchess.monstrous_affliction",
         "is_instanced" : true,
         "tags" : ["combat_skill"],
         "requirements" : 
         [
            {
               "code" : "0",
               "currency_cost" : 
               [
                  { "type" : "gold", "amount" : 1000 }
               ],
               "prerequisite_requirements" :
               [
               ],
               "prerequisite_resolve_level" : 0
            },
            {
               "code" : "1",
               "currency_cost" : 
               [
                  { "type" : "gold", "amount" : 250 }
               ],
               "prerequisite_requirements" :
               [
                  { "tree_id" : "duchess.monstrous_affliction", "requirement_code" : "0" },
                  { "tree_id" : "guild.skill_levels", "requirement_code" : "a" }
               ],
               "prerequisite_resolve_level" : 1
            },
            {
               "code" : "2",
               "currency_cost" : 
               [
                  { "type" : "gold", "amount" : 750 }
               ],
               "prerequisite_requirements" :
               [
                  { "tree_id" : "duchess.monstrous_affliction", "requirement_code" : "1" },
                  { "tree_id" : "guild.skill_levels", "requirement_code" : "b" }
               ],
               "prerequisite_resolve_level" : 2
            },
            {
               "code" : "3",
               "currency_cost" : 
               [
                  { "type" : "gold", "amount" : 1250 }
               ],
               "prerequisite_requirements" :
               [
                  { "tree_id" : "duchess.monstrous_affliction", "requirement_code" : "2" },
                  { "tree_id" : "guild.skill_levels", "requirement_code" : "c" }
               ],
               "prerequisite_resolve_level" : 3
            },
            {
               "code" : "4",
               "currency_cost" : 
               [
                  { "type" : "gold", "amount" : 2500 }
               ],
               "prerequisite_requirements" :
               [
                  { "tree_id" : "duchess.monstrous_affliction", "requirement_code" : "3" },
                  { "tree_id" : "guild.skill_levels", "requirement_code" : "d" }
               ],
               "prerequisite_resolve_level" : 5
            }
         ]
      },
      {
         "id" : "duchess.castigate",
         "is_instanced" : true,
         "tags" : ["combat_skill"],
         "requirements" : 
         [
            {
               "code" : "0",
               "currency_cost" : 
               [
                  { "type" : "gold", "amount" : 1000 }
               ],
               "prerequisite_requirements" :
               [
               ],
               "prerequisite_resolve_level" : 0
            },
            {
               "code" : "1",
               "currency_cost" : 
               [
                  { "type" : "gold", "amount" : 250 }
               ],
               "prerequisite_requirements" :
               [
                  { "tree_id" : "duchess.castigate", "requirement_code" : "0" },
                  { "tree_id" : "guild.skill_levels", "requirement_code" : "a" }
               ],
               "prerequisite_resolve_level" : 1
            },
            {
               "code" : "2",
               "currency_cost" : 
               [
                  { "type" : "gold", "amount" : 750 }
               ],
               "prerequisite_requirements" :
               [
                  { "tree_id" : "duchess.castigate", "requirement_code" : "1" },
                  { "tree_id" : "guild.skill_levels", "requirement_code" : "b" }
               ],
               "prerequisite_resolve_level" : 2
            },
            {
               "code" : "3",
               "currency_cost" : 
               [
                  { "type" : "gold", "amount" : 1250 }
               ],
               "prerequisite_requirements" :
               [
                  { "tree_id" : "duchess.castigate", "requirement_code" : "2" },
                  { "tree_id" : "guild.skill_levels", "requirement_code" : "c" }
               ],
               "prerequisite_resolve_level" : 3
            },
            {
               "code" : "4",
               "currency_cost" : 
               [
                  { "type" : "gold", "amount" : 2500 }
               ],
               "prerequisite_requirements" :
               [
                  { "tree_id" : "duchess.castigate", "requirement_code" : "3" },
                  { "tree_id" : "guild.skill_levels", "requirement_code" : "d" }
               ],
               "prerequisite_resolve_level" : 5
            }
         ]
      },
      {
         "id" : "duchess.iron_maiden",
         "is_instanced" : true,
         "tags" : ["combat_skill"],
         "requirements" : 
         [
            {
               "code" : "0",
               "currency_cost" : 
               [
                  { "type" : "gold", "amount" : 1000 }
               ],
               "prerequisite_requirements" :
               [
               ],
               "prerequisite_resolve_level" : 0
            },
            {
               "code" : "1",
               "currency_cost" : 
               [
                  { "type" : "gold", "amount" : 250 }
               ],
               "prerequisite_requirements" :
               [
                  { "tree_id" : "duchess.iron_maiden", "requirement_code" : "0" },
                  { "tree_id" : "guild.skill_levels", "requirement_code" : "a" }
               ],
               "prerequisite_resolve_level" : 1
            },
            {
               "code" : "2",
               "currency_cost" : 
               [
                  { "type" : "gold", "amount" : 750 }
               ],
               "prerequisite_requirements" :
               [
                  { "tree_id" : "duchess.iron_maiden", "requirement_code" : "1" },
                  { "tree_id" : "guild.skill_levels", "requirement_code" : "b" }
               ],
               "prerequisite_resolve_level" : 2
            },
            {
               "code" : "3",
               "currency_cost" : 
               [
                  { "type" : "gold", "amount" : 1250 }
               ],
               "prerequisite_requirements" :
               [
                  { "tree_id" : "duchess.iron_maiden", "requirement_code" : "2" },
                  { "tree_id" : "guild.skill_levels", "requirement_code" : "c" }
               ],
               "prerequisite_resolve_level" : 3
            },
            {
               "code" : "4",
               "currency_cost" : 
               [
                  { "type" : "gold", "amount" : 2500 }
               ],
               "prerequisite_requirements" :
               [
                  { "tree_id" : "duchess.iron_maiden", "requirement_code" : "3" },
                  { "tree_id" : "guild.skill_levels", "requirement_code" : "d" }
               ],
               "prerequisite_resolve_level" : 5
            }
         ]
      },
      {
         "id" : "duchess.thirst_for_power",
         "is_instanced" : true,
         "tags" : ["combat_skill"],
         "requirements" : 
         [
            {
               "code" : "0",
               "currency_cost" : 
               [
                  { "type" : "gold", "amount" : 1000 }
               ],
               "prerequisite_requirements" :
               [
               ],
               "prerequisite_resolve_level" : 0
            },
            {
               "code" : "1",
               "currency_cost" : 
               [
                  { "type" : "gold", "amount" : 250 }
               ],
               "prerequisite_requirements" :
               [
                  { "tree_id" : "duchess.thirst_for_power", "requirement_code" : "0" },
                  { "tree_id" : "guild.skill_levels", "requirement_code" : "a" }
               ],
               "prerequisite_resolve_level" : 1
            },
            {
               "code" : "2",
               "currency_cost" : 
               [
                  { "type" : "gold", "amount" : 750 }
               ],
               "prerequisite_requirements" :
               [
                  { "tree_id" : "duchess.thirst_for_power", "requirement_code" : "1" },
                  { "tree_id" : "guild.skill_levels", "requirement_code" : "b" }
               ],
               "prerequisite_resolve_level" : 2
            },
            {
               "code" : "3",
               "currency_cost" : 
               [
                  { "type" : "gold", "amount" : 1250 }
               ],
               "prerequisite_requirements" :
               [
                  { "tree_id" : "duchess.thirst_for_power", "requirement_code" : "2" },
                  { "tree_id" : "guild.skill_levels", "requirement_code" : "c" }
               ],
               "prerequisite_resolve_level" : 3
            },
            {
               "code" : "4",
               "currency_cost" : 
               [
                  { "type" : "gold", "amount" : 2500 }
               ],
               "prerequisite_requirements" :
               [
                  { "tree_id" : "duchess.thirst_for_power", "requirement_code" : "3" },
                  { "tree_id" : "guild.skill_levels", "requirement_code" : "d" }
               ],
               "prerequisite_resolve_level" : 5
            }
         ]
      },
      {
         "id" : "duchess.monstrous_bite",
         "is_instanced" : true,
         "tags" : ["combat_skill"],
         "requirements" : 
         [
            {
               "code" : "0",
               "currency_cost" : 
               [
                  { "type" : "gold", "amount" : 1000 }
               ],
               "prerequisite_requirements" :
               [
               ],
               "prerequisite_resolve_level" : 0
            },
            {
               "code" : "1",
               "currency_cost" : 
               [
                  { "type" : "gold", "amount" : 250 }
               ],
               "prerequisite_requirements" :
               [
                  { "tree_id" : "duchess.monstrous_bite", "requirement_code" : "0" },
                  { "tree_id" : "guild.skill_levels", "requirement_code" : "a" }
               ],
               "prerequisite_resolve_level" : 1
            },
            {
               "code" : "2",
               "currency_cost" : 
               [
                  { "type" : "gold", "amount" : 750 }
               ],
               "prerequisite_requirements" :
               [
                  { "tree_id" : "duchess.monstrous_bite", "requirement_code" : "1" },
                  { "tree_id" : "guild.skill_levels", "requirement_code" : "b" }
               ],
               "prerequisite_resolve_level" : 2
            },
            {
               "code" : "3",
               "currency_cost" : 
               [
                  { "type" : "gold", "amount" : 1250 }
               ],
               "prerequisite_requirements" :
               [
                  { "tree_id" : "duchess.monstrous_bite", "requirement_code" : "2" },
                  { "tree_id" : "guild.skill_levels", "requirement_code" : "c" }
               ],
               "prerequisite_resolve_level" : 3
            },
            {
               "code" : "4",
               "currency_cost" : 
               [
                  { "type" : "gold", "amount" : 2500 }
               ],
               "prerequisite_requirements" :
               [
                  { "tree_id" : "duchess.monstrous_bite", "requirement_code" : "3" },
                  { "tree_id" : "guild.skill_levels", "requirement_code" : "d" }
               ],
               "prerequisite_resolve_level" : 5
            }
         ]
      }
]
}
