{
   "buffs":
   [
   
      {
         "id" : "duchess_camp_delayed_craving",
         "stat_type" : "vampire_evolution_duration",
         "stat_sub_type" : "",
         "amount" : 69,
		 "duration_type" : "quest_end",
		 "duration" : 1,
         "remove_if_not_active" : false,
         "rule_type" : "always",
         "is_false_rule" : false,
         "rule_data" : {
            "float" : 0,
            "string" : ""
         }
      },
      {
         "id" : "duchess_set_riposte_damage_low",
         "stat_type" : "combat_stat_multiply",
         "stat_sub_type" : "damage_low",
         "amount" : 0.25,
         "remove_if_not_active" : false,
         "rule_type" : "riposte",
         "is_false_rule" : false,
         "rule_data" : {
            "float" : 0,
            "string" : ""
         }
      },
      {
         "id" : "duchess_set_riposte_damage_high",
         "stat_type" : "combat_stat_multiply",
         "stat_sub_type" : "damage_high",
         "amount" : 0.25,
         "remove_if_not_active" : false,
         "rule_type" : "riposte",
         "is_false_rule" : false,
         "rule_data" : {
            "float" : 0,
            "string" : ""
         }
	  },
	  {
         "id" : "duchess_crit_rec_10",
         "stat_type" : "crit_received_chance",
         "stat_sub_type" : "",
         "amount" : -0.10,
         "remove_if_not_active" : false,
         "rule_type" : "always",
         "is_false_rule" : false,
         "rule_data" : {
            "float" : 0,
            "string" : ""
         }
      },
	  {
         "id" : "duchess_crit_rec_13",
         "stat_type" : "crit_received_chance",
         "stat_sub_type" : "",
         "amount" : -0.13,
         "remove_if_not_active" : false,
         "rule_type" : "always",
         "is_false_rule" : false,
         "rule_data" : {
            "float" : 0,
            "string" : ""
         }
      },
	  {
         "id" : "duchess_crit_rec_17",
         "stat_type" : "crit_received_chance",
         "stat_sub_type" : "",
         "amount" : -0.17,
         "remove_if_not_active" : false,
         "rule_type" : "always",
         "is_false_rule" : false,
         "rule_data" : {
            "float" : 0,
            "string" : ""
         }
      },
	  {
         "id" : "duchess_crit_rec_21",
         "stat_type" : "crit_received_chance",
         "stat_sub_type" : "",
         "amount" : -0.21,
         "remove_if_not_active" : false,
         "rule_type" : "always",
         "is_false_rule" : false,
         "rule_data" : {
            "float" : 0,
            "string" : ""
         }
      },
	  {
         "id" : "duchess_crit_rec_25",
         "stat_type" : "crit_received_chance",
         "stat_sub_type" : "",
         "amount" : -0.25,
         "remove_if_not_active" : false,
         "rule_type" : "always",
         "is_false_rule" : false,
         "rule_data" : {
            "float" : 0,
            "string" : ""
         }
	  },	 
	  {
         "id" : "duchess_transform_speed_1",
         "stat_type" : "combat_stat_add",
         "stat_sub_type" : "speed_rating",
         "amount" : 1,
         "remove_if_not_active" : true,
         "rule_type" : "in_mode",
         "is_false_rule" : false,
         "rule_data" : {
            "float" : 0,
            "string" : "beast"
         },
         "is_clear_debuff_valid": false
      },
	  {
         "id" : "duchess_transform_speed_2",
         "stat_type" : "combat_stat_add",
         "stat_sub_type" : "speed_rating",
         "amount" : 2,
         "remove_if_not_active" : true,
         "rule_type" : "in_mode",
         "is_false_rule" : false,
         "rule_data" : {
            "float" : 0,
            "string" : "beast"
         },
         "is_clear_debuff_valid": false
      },
	  {
         "id" : "duchess_transform_speed_3",
         "stat_type" : "combat_stat_add",
         "stat_sub_type" : "speed_rating",
         "amount" : 3,
         "remove_if_not_active" : true,
         "rule_type" : "in_mode",
         "is_false_rule" : false,
         "rule_data" : {
            "float" : 0,
            "string" : "beast"
         },
         "is_clear_debuff_valid": false
	   },
	   {
         "id" : "duchess_dmg_l_up_7",
         "stat_type" : "combat_stat_multiply",
         "stat_sub_type" : "damage_low",
         "amount" : 0.07,
         "remove_if_not_active" : true,
         "rule_type" : "in_mode",
         "is_false_rule" : false,
         "rule_data" : {
            "float" : 0,
            "string" : "beast"
         }
	   },
	   {
         "id" : "duchess_dmg_l_up_12",
         "stat_type" : "combat_stat_multiply",
         "stat_sub_type" : "damage_low",
         "amount" : 0.12,
         "remove_if_not_active" : true,
         "rule_type" : "in_mode",
         "is_false_rule" : false,
         "rule_data" : {
            "float" : 0,
            "string" : "beast"
         }
	   },
	   {
         "id" : "duchess_dmg_l_up_16",
         "stat_type" : "combat_stat_multiply",
         "stat_sub_type" : "damage_low",
         "amount" : 0.16,
         "remove_if_not_active" : true,
         "rule_type" : "in_mode",
         "is_false_rule" : false,
         "rule_data" : {
            "float" : 0,
            "string" : "beast"
         }
	   },
	   {
         "id" : "duchess_dmg_l_up_20",
         "stat_type" : "combat_stat_multiply",
         "stat_sub_type" : "damage_low",
         "amount" : 0.20,
         "remove_if_not_active" : true,
         "rule_type" : "in_mode",
         "is_false_rule" : false,
         "rule_data" : {
            "float" : 0,
            "string" : "beast"
         }
	   },
	   {
         "id" : "duchess_dmg_l_up_25",
         "stat_type" : "combat_stat_multiply",
         "stat_sub_type" : "damage_low",
         "amount" : 0.25,
         "remove_if_not_active" : true,
         "rule_type" : "in_mode",
         "is_false_rule" : false,
         "rule_data" : {
            "float" : 0,
            "string" : "beast"
         }
	   },
	   {
         "id" : "duchess_dmg_h_up_7",
         "stat_type" : "combat_stat_multiply",
         "stat_sub_type" : "damage_high",
         "amount" : 0.07,
         "remove_if_not_active" : true,
         "rule_type" : "in_mode",
         "is_false_rule" : false,
         "rule_data" : {
            "float" : 0,
            "string" : "beast"
         }
	   },
	   {
         "id" : "duchess_dmg_h_up_12",
         "stat_type" : "combat_stat_multiply",
         "stat_sub_type" : "damage_high",
         "amount" : 0.12,
         "remove_if_not_active" : true,
         "rule_type" : "in_mode",
         "is_false_rule" : false,
         "rule_data" : {
            "float" : 0,
            "string" : "beast"
         }
	   },
	   {
         "id" : "duchess_dmg_h_up_16",
         "stat_type" : "combat_stat_multiply",
         "stat_sub_type" : "damage_high",
         "amount" : 0.16,
         "remove_if_not_active" : true,
         "rule_type" : "in_mode",
         "is_false_rule" : false,
         "rule_data" : {
            "float" : 0,
            "string" : "beast"
         }
	   },
	   {
         "id" : "duchess_dmg_h_up_20",
         "stat_type" : "combat_stat_multiply",
         "stat_sub_type" : "damage_high",
         "amount" : 0.20,
         "remove_if_not_active" : true,
         "rule_type" : "in_mode",
         "is_false_rule" : false,
         "rule_data" : {
            "float" : 0,
            "string" : "beast"
         }
	   },
	   {
         "id" : "duchess_dmg_h_up_25",
         "stat_type" : "combat_stat_multiply",
         "stat_sub_type" : "damage_high",
         "amount" : 0.25,
         "remove_if_not_active" : true,
         "rule_type" : "in_mode",
         "is_false_rule" : false,
         "rule_data" : {
            "float" : 0,
            "string" : "beast"
         }
	   },
	   {
         "id" : "duchess_camp_wasting_immune",
         "stat_type" : "quirk_evolution_death_immune",
         "stat_sub_type" : "",
         "amount" : 1,
		 "duration_type" : "quest_end",
		 "duration" : 1,
         "remove_if_not_active" : false,
         "rule_type" : "always",
         "is_false_rule" : false,
         "rule_data" : {
            "float" : 0,
            "string" : ""
         }
      },
	  {
         "id" : "duchess_stress_recovery_10",
         "stat_type" : "stress_heal_received_percent",
         "stat_sub_type" : "",
         "amount" : 0.1,
         "remove_if_not_active" : false,
         "rule_type" : "always",
         "is_false_rule" : false,
         "rule_data" : {
            "float" : 0,
            "string" : ""
         }
      },
	  {
         "id" : "duchess_stress_recovery_12",
         "stat_type" : "stress_heal_received_percent",
         "stat_sub_type" : "",
         "amount" : 0.12,
         "remove_if_not_active" : false,
         "rule_type" : "always",
         "is_false_rule" : false,
         "rule_data" : {
            "float" : 0,
            "string" : ""
         }
      },
	  {
         "id" : "duchess_stress_recovery_15",
         "stat_type" : "stress_heal_received_percent",
         "stat_sub_type" : "",
         "amount" : 0.15,
         "remove_if_not_active" : false,
         "rule_type" : "always",
         "is_false_rule" : false,
         "rule_data" : {
            "float" : 0,
            "string" : ""
         }
      },
	  {
         "id" : "duchess_stress_recovery_17",
         "stat_type" : "stress_heal_received_percent",
         "stat_sub_type" : "",
         "amount" : 0.17,
         "remove_if_not_active" : false,
         "rule_type" : "always",
         "is_false_rule" : false,
         "rule_data" : {
            "float" : 0,
            "string" : ""
         }
      },
	  {
         "id" : "duchess_stress_recovery_20",
         "stat_type" : "stress_heal_received_percent",
         "stat_sub_type" : "",
         "amount" : 0.20,
         "remove_if_not_active" : false,
         "rule_type" : "always",
         "is_false_rule" : false,
         "rule_data" : {
            "float" : 0,
            "string" : ""
         }
      },
	  {
         "id" : "duchess_stress_gain_10",
         "stat_type" : "stress_dmg_received_percent",
         "stat_sub_type" : "",
         "amount" : 0.1,
         "remove_if_not_active" : false,
         "rule_type" : "always",
         "is_false_rule" : false,
         "rule_data" : {
            "float" : 0,
            "string" : ""
         }
      },
	  {
         "id" : "RAVENOUSCRIT",
         "stat_type" : "combat_stat_add",
         "stat_sub_type" : "crit_chance",
         "amount" : 0.05,
         "remove_if_not_active" : false,
         "rule_type" : "always",
         "is_false_rule" : false,
         "rule_data" : {
            "float" : 0,
            "string" : ""
         }
      },
	  {
         "id" : "RAVENOUSSTRESS",
         "stat_type" : "stress_dmg_received_percent",
         "stat_sub_type" : "",
         "amount" : 0.20,
         "remove_if_not_active" : false,
         "rule_type" : "always",
         "is_false_rule" : false,
         "rule_data" : {
            "float" : 0,
            "string" : ""
         }
      },
	  {
         "id" : "RAVENOUSDMGREC",
         "stat_type" : "damage_received_percent",
         "stat_sub_type" : "",
         "amount" : 0.25,
         "remove_if_not_active" : false,
         "rule_type" : "always",
         "is_false_rule" : false,
         "rule_data" : {
            "float" : 0,
            "string" : ""
         }
      },
	  {
         "id" : "RAVENOUSHEALDONE",
         "stat_type" : "hp_heal_percent",
         "stat_sub_type" : "",
         "amount" : 0.5,
         "remove_if_not_active" : false,
         "rule_type" : "always",
         "is_false_rule" : false,
         "rule_data" : {
            "float" : 0,
            "string" : ""
         }
      },
	  {
         "id" : "RAVENOUSEAT",
         "stat_type" : "food_consumption_percent",
         "stat_sub_type" : "",
         "amount" : 1,
         "remove_if_not_active" : false,
         "rule_type" : "always",
         "is_false_rule" : false,
         "rule_data" : {
            "float" : 0,
            "string" : ""
         }
      },
      {
         "id" : "duchess_camp_healing_received",
         "stat_type" : "hp_heal_amount",
         "stat_sub_type" : "",
         "amount" : 2.0,
		 "duration_type" : "combat_end",
		 "duration" : 4,
         "remove_if_not_active" : false,
         "rule_type" : "always",
         "is_false_rule" : false,
         "rule_data" : {
            "float" : 0,
            "string" : ""
         }
      }	  
	]
}