{
   "buffs":
   [
	   {
         "id" : "duchess_crit_stressheals",
         "stat_type" : "stress_heal_received_percent",
         "stat_sub_type" : "hero_crit",
         "amount" : 1,
         "remove_if_not_active" : false,
         "rule_type" : "always",
         "is_false_rule" : false,
         "rule_data" : {
            "float" : 0,
            "string" : ""
         }
	   },
	   {
         "id" : "duchess_com_healdone",
         "stat_type" : "hp_heal_percent",
         "stat_sub_type" : "",
         "amount" : -0.75,
         "remove_if_not_active" : false,
         "rule_type" : "always",
         "is_false_rule" : false,
         "rule_data" : {
            "float" : 0,
            "string" : ""
         }
	   }
	   
	   	  
	]
}