{
	"configuration" : 
	{
        "class_specific_number_of_classes_threshold" :  4
	},

	"skills" :
	[
		{

			"id" : "encourage",
			"level" : 0,
			"cost" : 2,
			"use_limit" : 1,
			"effects" : 
			[
				{ 
					"selection" : "individual",
					"requirements" : [],
					"chance" : { "code" : "a", "amount": 1.0 },
                    "type": "stress_heal_amount",
                    "sub_type" : "",
					"amount" :  15
				}							
			],
			"hero_classes" : ["duchess"],
			"upgrade_requirements" :  	
			[
				{
					"code" : "0",
					"currency_cost" :			
					[
						{ "type" : "gold", "amount" : 1750 }
					],
					"prerequisite_requirements" :
					[
						
					]
				}
			]
		},

		{
			"id" : "first_aid",
			"level" : 0,
			"cost" : 2,
			"use_limit" : 1,
			"effects" : 
			[
				{ 
					"selection" : "individual",
					"requirements" : [],
					"chance" : { "code" : "a", "amount": 1.0 },
                    "type": "health_heal_max_health_percent",
                    "sub_type" : "",
					"amount" :  0.15
				},
				{ 
					"selection" : "individual",
					"requirements" : [],
					"chance" : { "code" : "b", "amount": 1.0 },
                    "type": "remove_bleeding",
                    "sub_type" : "",
					"amount" :  0
				},
				{ 
					"selection" : "individual",
					"requirements" : [],
					"chance" : { "code" : "c", "amount": 1.0 },
                    "type": "remove_poison",
                    "sub_type" : "",
					"amount" :  0
				}
			],
			"hero_classes" : ["duchess"],
			"upgrade_requirements" :  	
			[
				{
					"code" : "0",
					"currency_cost" :			
					[
						{ "type" : "gold", "amount" : 1750 }
					],
					"prerequisite_requirements" :
					[
						
					]
				}
			]
		},

		{
			"id" : "pep_talk",
			"level" : 0,
			"cost" : 2,
			"use_limit" : 1,
			"effects" : 
			[
				{ 
					"selection" : "individual",
					"requirements" : [],
					"chance" : { "code" : "a", "amount": 1.0 }, 
					"type" : "buff",
					"sub_type" : "campingStressResistBuff",
					"amount" :  -0.15
				}
			],
			"hero_classes" : ["duchess"],
			"upgrade_requirements" :  	
			[
				{
					"code" : "0",
					"currency_cost" :			
					[
						{ "type" : "gold", "amount" : 1750 }
					],
					"prerequisite_requirements" :
					[
						
					]
				}
			]
		},
		{ 
			"id" : "bloodletting",
			"level" : 0,
			"cost" : 1,
			"use_limit" : 3,
			"effects" :
			[
				{
					"selection" : "self",
					"requirements" : [],
					"chance" : { "code" : "a", "amount": 1.0 },
					"type": "loot",
					"sub_type": "duchess_bloodletting",
					"amount": 1
				},
				{
					"selection" : "self",
					"requirements" : [],
					"chance" : { "code" : "b", "amount": 1.0 },
					"type": "remove_disease",
					"sub_type": "",
					"amount": 0
				},
				{ 
					"selection" : "self",
					"requirements" : [],
					"chance" : { "code" : "c", "amount": 1.0 },
                    "type": "health_damage_max_health_percent",
                    "sub_type" : "",
					"amount" :  0.20
				}	

			],
			"hero_classes" : ["duchess"],
			"upgrade_requirements" :  	
			[
				{
					"code" : "0",
					"currency_cost" :			
					[
						{ "type" : "gold", "amount" : 1750 }
					],
					"prerequisite_requirements" :
					[
						
					]
				}
			] 
		},
		{ 
			"id" : "self_care",
			"level" : 0,
			"cost" : 3,
			"use_limit" : 1,
			"effects" :
			[
				{ 
					"selection" : "self",
					"requirements" : [],
					"chance" : { "code" : "a", "amount": 1.0 },
                    "type": "stress_heal_amount",
                    "sub_type" : "",
					"amount" :  15
				},
								{ 
					"selection" : "self",
					"requirements" : [],
					"chance" : { "code" : "b", "amount": 1.0 }, 
					"type" : "buff",
					"sub_type" : "campingStressResistBuff",					
					"amount" :  -0.15
				}
			],
			"hero_classes" : ["duchess"],
			"upgrade_requirements" :  	
			[
				{
					"code" : "0",
					"currency_cost" :			
					[
						{ "type" : "gold", "amount" : 1750 }
					],
					"prerequisite_requirements" :
					[
						
					]
				}
			] 
		},
		
		{ 
			"id" : "the_fast",
			"level" : 0,
			"cost" : 4,
			"use_limit" : 1,
			"effects" :
			[
				{ 
					"selection" : "self",
					"requirements" : [],
					"chance" : { "code" : "a", "amount": 1.0 }, 
					"type" : "buff",
					"sub_type" : "campingSPDBuffParty",
					"amount" :  3
				},
                { 
					"selection" : "self",
					"requirements" : [],
					"chance" : { "code" : "b", "amount":  1.0 }, 
					"type" : "buff",
					"sub_type" : "duchess_camp_delayed_craving",
					"amount" :  0
				},
				{ 
					"selection" : "self",
					"requirements" : [],
					"chance" : { "code" : "c", "amount":  1.0 }, 
					"type" : "buff",
					"sub_type" : "duchess_camp_wasting_immune",
					"amount" :  0
				}
			],
			"hero_classes" : ["duchess"],
			"upgrade_requirements" :  	
			[
				{
					"code" : "0",
					"currency_cost" :			
					[
						{ "type" : "gold", "amount" : 1750 }
					],
					"prerequisite_requirements" :
					[
						
					]
				}
			] 
		}, 
		{

			"id" : "calling_card",
			"level" : 0,
			"cost" : 3,
			"use_limit" : 1,
			"effects" : 
			[
				{ 
					"selection" : "self",
					"requirements" : [],
					"chance" : { "code" : "a", "amount": 1.0 }, 
					"type" : "buff",
					"sub_type" : "campingCRITBuff",					
					"amount" :  0.10
				},
				{ 
					"selection" : "self",
					"requirements" : [],
					"chance" : { "code" : "b", "amount": 1.0 }, 
					"type" : "buff",
					"sub_type" : "duchess_camp_healing_received",					
					"amount" :  2
				}
			],
			"hero_classes" : ["duchess" ],
			"upgrade_requirements" :  	
			[
				{
					"code" : "0",
					"currency_cost" :			
					[
						{ "type" : "gold", "amount" : 1750 }
					],
					"prerequisite_requirements" :
					[
						
					]
				}
			]
		}
	] 
}