{
    "events": [
        {
            "id": "idle_resolve_level_duchess",
            "base_chance": 2.0,
            "per_not_rolled_additional_chance": 0.0,
            "cooldown": 2,
            "requirements": {
                "minimum_week": 6,
                "dead_heroes": 0,
                "hero_level_counts": [],
                "upgrades_purchased": [],
                "trinket_storage_count": 0
            },
            "town_ambience_paramater_ids": [],
            "tone": "neutral",
            "sprite": "town_event_the_plague",
            "sprite_attachment": "statue",
            "data": [
                {
                    "type": "idle_resolve_level",
                    "string_data": "duchess",
                    "number_data": 1.0
                }
            ]
        },
		{
            "id": "duchess_unlock",
            "base_chance": 20.0,
            "per_not_rolled_additional_chance": 20.0,
            "cooldown": 0,
            "is_unique" : true,
            "priority":"higher",            
            "requirements": {
                "minimum_week": 4,
                "dead_heroes": 0,
                "hero_level_counts": [ ],
                "upgrades_purchased": [ ],
                "trinket_storage_count": 0
            },
            "town_ambience_paramater_ids": [],
            "tone": "neutral",
            "sprite": "",
            "sprite_attachment": "",
            "data": [
                {
                    "type": "bonus_recruit",
                    "string_data": "duchess",
                    "number_data": 1.0
                }
            ]
        }
    ]
}