{
    "event_guid_overrides":
    [
        {"event_id": "event:/camp/skill/bloodletting",                   "guid_override":"{5cda3066-7ebc-49cb-89f6-bdd55d9ec768}"},
        {"event_id": "event:/camp/skill/self_care",                   "guid_override":"{acfbb824-b855-4bc4-a2c6-76e8f190aea8}"},
        {"event_id": "event:/camp/skill/the_fast",                   "guid_override":"{4df63681-c1a5-47d8-96e3-d5f9cf9ab6f7}"},
        {"event_id": "event:/camp/skill/calling_card",                   "guid_override":"{18f18447-af8b-443a-869c-17fc645b7ec4}"},
        {"event_id": "event:/char/ally/duchess_castigate_beast",                   "guid_override":"{e498e749-9396-458b-ba7e-6e33739aac92}"},
        {"event_id": "event:/char/ally/duchess_castigate_miss_beast",                   "guid_override":"{1459a59a-a06d-422d-994d-42e0acb93dd8}"},
        {"event_id": "event:/char/ally/duchess_thirst_for_power_beast",                   "guid_override":"{9dbc1fe4-c35e-46aa-9f67-20e6b5d37f10}"},
        {"event_id": "event:/char/ally/duchess_thirst_for_power_miss_beast",                   "guid_override":"{5f1e0866-28e4-457c-84b3-5b5dd297c18a}"},
        {"event_id": "event:/char/ally/duchess_monstrous_bite_beast",                   "guid_override":"{1ca8f7f0-5f55-4a21-8bb1-43d3f33faf54}"},
        {"event_id": "event:/char/ally/duchess_monstrous_bite_miss_beast",                   "guid_override":"{f2701830-bee6-4547-b8e3-ba3892af6535}"},
        {"event_id": "event:/char/ally/duchess_siphon_strike_human",                   "guid_override":"{72309fca-402c-471c-92a0-2a63835a5e1e}"},
		{"event_id": "event:/char/ally/duchess_siphon_strike_miss_human",                   "guid_override":"{6f8ff49e-32d7-4b8b-8e5b-3d62d3d70e3b}"},
		{"event_id": "event:/char/ally/duchess_noble_obligation_human",                   "guid_override":"{ad0c5bdd-0bf2-40cd-a560-3a76616043ca}"},
		{"event_id": "event:/char/ally/duchess_noble_obligation_miss_human",                   "guid_override":"{0a53571b-acfa-4755-bce7-109cd7cc8c29}"},
		{"event_id": "event:/char/ally/duchess_riposte1_human",                   "guid_override":"{b4cd9993-26d0-4ff1-8d66-51048088d627}"},
		{"event_id": "event:/char/ally/duchess_riposte1_miss_human",                   "guid_override":"{bafcb27a-21b8-42a6-b929-b7c523729563}"},
		{"event_id": "event:/char/ally/duchess_iron_maiden_human",                   "guid_override":"{47cffb83-3b6a-4e8e-ac21-7ef2aaa39985}"},
        {"event_id": "event:/char/ally/duchess_monstrous_affliction_human",                   "guid_override":"{516330b7-a3da-4870-ae87-5895def22ecd}"},
		{"event_id": "event:/char/ally/duchess_monstrous_affliction_beast",                   "guid_override":"{fd803b0a-3547-4d10-90ab-e2005cb6c06e}"}
    ]
}